{"_step":75,"train_samples_per_second":1.978,"train/loss":0.2806,"train/learning_rate":5.34045393858478e-08,"train_steps_per_second":0.247,"_runtime":15213,"train/grad_norm":0.7555981874465942,"train/epoch":3,"total_flos":4.893515300091986e+17,"_wandb":{"runtime":15213},"_timestamp":1.762034079308061e+09,"train_runtime":15169.5078,"train_loss":0.4867971997578939,"train/global_step":3750}