{"total_flos":7.572381280223232e+15,"_runtime":283,"_step":6,"train_steps_per_second":0.249,"train/global_step":60,"_timestamp":1.762050089364958e+09,"train_samples_per_second":1.99,"_wandb":{"runtime":283},"train_loss":0.9723345041275024,"train/loss":0.7949,"train/grad_norm":0.4651467502117157,"train_runtime":241.2174,"train/learning_rate":3.636363636363636e-06,"train/epoch":0.048}