{"train_steps_per_second":0.246,"total_flos":4.8411131817374515e+17,"train/global_step":3750,"train_runtime":15239.4157,"train_samples_per_second":1.969,"_timestamp":1.7620650872904336e+09,"_wandb":{"runtime":15280},"train_loss":0.6083786380767823,"train/epoch":3,"_step":375,"train/grad_norm":0.6372517943382263,"train/learning_rate":8.01068090787717e-08,"_runtime":15280,"train/loss":0.5105}