{"train/global_step":3750,"train/loss":0.3045,"train_samples_per_second":1.983,"train/learning_rate":8.01068090787717e-08,"train_loss":0.5048229899088542,"train/epoch":3,"_timestamp":1.76203403491573e+09,"_step":75,"_wandb":{"runtime":15169},"train_steps_per_second":0.248,"train_runtime":15125.3104,"_runtime":15169,"total_flos":4.8664690454573875e+17,"train/grad_norm":0.7294412851333618}