{"train_steps_per_second":0.247,"_wandb":{"runtime":15244},"_step":75,"_runtime":15244,"train_samples_per_second":1.974,"total_flos":4.8664690454573875e+17,"_timestamp":1.7620341096767838e+09,"train/learning_rate":2.67022696929239e-08,"train/global_step":3750,"train/loss":0.4252,"train_runtime":15200.2742,"train_loss":0.5584921310424805,"train/grad_norm":0.7408268451690674,"train/epoch":3}