{"train/global_step":3750,"train_samples_per_second":1.919,"total_flos":4.947607809361183e+17,"train_loss":0.46642010997136435,"_timestamp":1.7620654815865605e+09,"train_runtime":15632.7459,"_wandb":{"runtime":15676},"train/loss":0.2188,"train/epoch":3,"train/grad_norm":0.7969081997871399,"_runtime":15676,"train_steps_per_second":0.24,"_step":375,"train/learning_rate":5.34045393858478e-08}