{"_step":375,"_runtime":15200,"train_samples_per_second":1.979,"train/learning_rate":5.34045393858478e-08,"train_runtime":15157.3303,"total_flos":4.846184354481439e+17,"train_loss":0.58072708791097,"train/loss":0.4631,"train_steps_per_second":0.247,"_wandb":{"runtime":15200},"train/epoch":3,"_timestamp":1.7620650066270344e+09,"train/grad_norm":0.6940228939056396,"train/global_step":3750}